{
"__comment": "Designed by MasterianoX",
"textures": {
    "particle": "entity/demon/demon",
    "texture": "entity/demon/demon"
},
"elements": [ 
{
    "from": [ 0.75, 0, 6 ],
    "to": [ 2.25, 8, 7.5 ],
    "rotation": { "origin": [ 0.75, 8, 6 ], "axis": "z", "angle": 45 },
    "faces": {
        "down":  { "uv": [ 4.25, 4.25, 5, 5 ], "texture": "#texture" },
        "up":    { "uv": [ 4.25, 4.25, 5, 5 ], "texture": "#texture" },
        "north": { "uv": [ 5.25, 4.25, 4.5, 8.25 ], "texture": "#texture" },
        "south": { "uv": [ 4.75, 4.25, 5.5, 8.25 ], "texture": "#texture" },
        "west":  { "uv": [ 4.25, 4.25, 5, 8.25 ], "texture": "#texture" },
        "east":  { "uv": [ 4.75, 4.25, 5.5, 8.25 ], "texture": "#texture" }
    }
},
{
    "from": [ -3.875, 7.75, 0.6875 ],
    "to": [ 4.625, 8.75, 1.6875 ],
    "rotation": { "origin": [ -3.875, 7.75, 0.6875 ], "axis": "y", "angle": -45 },
    "faces": {
        "down":  { "uv": [ 8.25, 4.25, 8.75, 8.5 ], "rotation": 90, "texture": "#texture" },
        "up":    { "uv": [ 6.75, 4.25, 7.25, 8.5 ], "rotation": 90, "texture": "#texture" },
        "north": { "uv": [ 6, 4.25, 6.5, 8.5 ], "rotation": 90, "texture": "#texture" },
        "south": { "uv": [ 7.5, 4.25, 8, 8.5 ], "rotation": 90, "texture": "#texture" },
        "west":  { "uv": [ 6, 4.25, 6.5, 4.75 ], "rotation": 270, "texture": "#texture" },
        "east":  { "uv": [ 6, 4.25, 6.5, 4.75 ], "rotation": 90, "texture": "#texture" }
    }
},
{
    "from": [ 14, 1, 6 ],
    "to": [ 15.5, 9, 7.5 ],
    "rotation": { "origin": [ 14, 9, 6 ], "axis": "z", "angle": -45 },
    "faces": {
        "down":  { "uv": [ 4.25, 4.25, 5, 5 ], "texture": "#texture" },
        "up":    { "uv": [ 4.25, 4.25, 5, 5 ], "texture": "#texture" },
        "north": { "uv": [ 5.25, 4.25, 4.5, 8.25 ], "texture": "#texture" },
        "south": { "uv": [ 4.75, 4.25, 5.5, 8.25 ], "texture": "#texture" },
        "west":  { "uv": [ 4.25, 4.25, 5, 8.25 ], "texture": "#texture" },
        "east":  { "uv": [ 4.75, 4.25, 5.5, 8.25 ], "texture": "#texture" }
    }
},
{
    "from": [ 13.6875, 7.75, 6.625 ],
    "to": [ 22.1875, 8.75, 7.625 ],
    "rotation": { "origin": [ 13.6875, 7.75, 6.625 ], "axis": "y", "angle": 45 },
    "faces": {
        "down":  { "uv": [ 8.25, 4.25, 8.75, 8.5 ], "rotation": 90, "texture": "#texture" },
        "up":    { "uv": [ 6.75, 4.25, 7.25, 8.5 ], "rotation": 90, "texture": "#texture" },
        "north": { "uv": [ 6, 4.25, 6.5, 8.5 ], "rotation": 90, "texture": "#texture" },
        "south": { "uv": [ 7.5, 4.25, 8, 8.5 ], "rotation": 90, "texture": "#texture" },
        "west":  { "uv": [ 6, 4.25, 6.5, 4.75 ], "rotation": 90, "texture": "#texture" },
        "east":  { "uv": [ 6, 4.25, 6.5, 4.75 ], "rotation": 270, "texture": "#texture" }
    }
},
{
    "from": [ 1, 2.25, 6.25 ],
    "to": [ 9, 8.25, 6.3125 ],
    "rotation": { "origin": [ 1, 8.25, 6.25 ], "axis": "z", "angle": -45 },
    "faces": {
        "north": { "uv": [ 0, 0, 0.25, 0.25 ], "texture": "#texture" },
        "south": { "uv": [ 0, 4.25, 4, 7.25 ], "texture": "#texture" }
    }
},
{
    "from": [ 9.25, -3.5, 6.25 ],
    "to": [ 17.25, 2.5, 6.3125 ],
    "rotation": { "origin": [ 9.25, 2.5, 6.25 ], "axis": "z", "angle": 45 },
    "faces": {
        "north": { "uv": [ 0, 0, 0.25, 0.25 ], "texture": "#texture" },
        "south": { "uv": [ 4, 4.25, 0, 7.25 ], "texture": "#texture" }
    }
},
{
    "from": [ -4.25, 1.5, 1 ],
    "to": [ 4.25, 8, 1.0625 ],
    "rotation": { "origin": [ -4.25, 1.5, 1 ], "axis": "y", "angle": -45 },
    "faces": {
        "north": { "uv": [ 0, 0, 0.25, 0.25 ], "texture": "#texture" },
        "south": { "uv": [ 0, 8.5, 4.25, 11.75 ], "texture": "#texture" }
    }
},
{
    "from": [ 14, 1.5, 6.75 ],
    "to": [ 22.5, 8, 6.8125 ],
    "rotation": { "origin": [ 14, 1.5, 6.75 ], "axis": "y", "angle": 45 },
    "faces": {
        "north": { "uv": [ 0, 0, 0.25, 0.25 ], "texture": "#texture" },
        "south": { "uv": [ 4.25, 8.5, 0, 11.75 ], "texture": "#texture" }
    }
}
],
"display": {
    "thirdperson_righthand": {
        "rotation": [ 16, 180, 0 ],
        "translation": [ -6.24, 6.24, 11.91 ],
        "scale": [ 2, 2, 2 ]
    },
    "thirdperson_lefthand": {
        "rotation": [ 16, 180, 0 ],
        "translation": [ -6.24, 6.24, 11.91 ],
        "scale": [ 2, 2, 2 ]
    },
    "ground": {
        "rotation": [ 0, 0, 0 ],
        "translation": [ 0, 5.48, 0 ],
        "scale": [ 0.5, 0.5, 0.5 ]
    },
    "fixed": {
        "rotation": [ -28, 180, 0 ],
        "translation": [ 0, 1.7, -5.1 ],
        "scale": [ 0.75, 0.75, 0.75 ]
    },
    "firstperson_righthand": {
        "rotation": [ 0, 4, -10 ],
        "translation": [ 6.8, 3.97, 0 ],
        "scale": [ 1, 1, 1 ]
    },
    "firstperson_lefthand": {
        "rotation": [ 0, 4, -10 ],
        "translation": [ 6.8, 3.97, 0 ],
        "scale": [ 1, 1, 1 ]
    },
    "gui": {
        "rotation": [ 0, 0, 0 ],
        "translation": [ 0, 1.32, 0 ],
        "scale": [ 0.5, 0.5, 0.5 ]
    }
}
}