{
   
"parent": "item/handheld",

"textures": {
        "layer0": "items/diamond_shovel"

}
,
"overrides": [
 {"predicate": {"damage": 0.93213828425}, "model": "item/plao5v/mini_saucer"},
 {"predicate": {"damage": 0.93277848911}, "model": "item/plao5v/scroll"},
 {"predicate": {"damage": 0.93341869398}, "model": "item/plao5v/plao_tech_blueprints"},
 {"predicate": {"damage": 0.93405889884}, "model": "item/plao5v/coordinates_panel"},
 {"predicate": {"damage": 0.93469910371}, "model": "item/plao5v/glowing_meat"},
 {"predicate": {"damage": 0.93533930857}, "model": "item/plao5v/triclopse_brain"},
 {"predicate": {"damage": 0.93597951344}, "model": "item/plao5v/treyeballs"},
 {"predicate": {"damage": 0.93661971831}, "model": "item/plao5v/techmatron"},
 {"predicate": {"damage": 0.93725992317}, "model": "item/plao5v/morph_hand"},
 {"predicate": {"damage": 0.93790012804}, "model": "item/plao5v/liquid_plasma"},
 {"predicate": {"damage": 0.9385403329}, "model": "item/plao5v/carbon_mesh"},
 {"predicate": {"damage": 0.93918053777}, "model": "item/plao5v/plutatron_nucleus"},
 {"predicate": {"damage": 0.93982074263}, "model": "item/plao5v/data_chip"},
 {"predicate": {"damage": 0.9404609475}, "model": "item/plao5v/plao_eggs"},
 {"predicate": {"damage": 0.94110115236}, "model": "item/plao5v/mind_probe"},
 {"predicate": {"damage": 0.94174135723}, "model": "item/plao5v/inhabitor_skin"},
 {"predicate": {"damage": 0.9423815621}, "model": "item/plao5v/plao_core"},
 {"predicate": {"damage": 0.94302176696}, "model": "item/plao5v/oxygen_bottle"},
 {"predicate": {"damage": 0.94366197183}, "model": "item/plao5v/plao_tracking_device"},
 {"predicate": {"damage": 0.94430217669}, "model": "item/plao5v/radioactive_phlegm"},
 {"predicate": {"damage": 0.94494238156}, "model": "item/plao5v/celestial_stone"},
 {"predicate": {"damage": 0.94558258642}, "model": "item/plao5v/time_capsule"},
 {"predicate": {"damage": 0.94622279129}, "model": "item/plao5v/celestial_brain"},
 {"predicate": {"damage": 0.94686299615}, "model": "item/plao5v/cyro_chamber"},
 {"predicate": {"damage": 0.94750320102}, "model": "item/plao5v/probe_targeting_board"},
 {"predicate": {"damage": 0.94814340589}, "model": "item/plao5v/probe_chip"},
 {"predicate": {"damage": 0.94878361075}, "model": "item/plao5v/radioactive_gland"},
 {"predicate": {"damage": 0.94942381562}, "model": "item/plao5v/grunt_flesh"},
 {"predicate": {"damage": 0.95006402048}, "model": "item/plao5v/glowing_blood"},
 {"predicate": {"damage": 0.95070422535}, "model": "item/plao5v/plao_essence"},
 {"predicate": {"damage": 0.95134443021}, "model": "item/uthuma/cross_talisman"},
 {"predicate": {"damage": 0.95198463508}, "model": "item/uthuma/vile_powder_bag"},
 {"predicate": {"damage": 0.95262483994}, "model": "item/uthuma/rotten_rib"},
 {"predicate": {"damage": 0.95326504481}, "model": "item/uthuma/cow_bone"},
 {"predicate": {"damage": 0.95390524968}, "model": "item/uthuma/burning_feather"},
 {"predicate": {"damage": 0.95454545454}, "model": "item/uthuma/burning_fang"},
 {"predicate": {"damage": 0.95518565941}, "model": "item/uthuma/reactive_dust"},
 {"predicate": {"damage": 0.95582586427}, "model": "item/uthuma/bloody_spine"},
 {"predicate": {"damage": 0.95646606914}, "model": "item/uthuma/femur"},
 {"predicate": {"damage": 0.957106274}, "model": "item/uthuma/amber"},
 {"predicate": {"damage": 0.95774647887}, "model": "item/uthuma/fiery_blood"},
 {"predicate": {"damage": 0.95838668373}, "model": "item/uthuma/molten_goo"},
 {"predicate": {"damage": 0.9590268886}, "model": "item/uthuma/burnt_porkchop"},
 {"predicate": {"damage": 0.95966709347}, "model": "item/uthuma/fire_tusk"},
 {"predicate": {"damage": 0.96030729833}, "model": "item/uthuma/imp_ear"},
 {"predicate": {"damage": 0.9609475032}, "model": "item/uthuma/fire_essence"},
 {"predicate": {"damage": 0.96158770806}, "model": "item/uthuma/hound_tooth"},
 {"predicate": {"damage": 0.96222791293}, "model": "item/uthuma/burnt_hound_pelt"},
 {"predicate": {"damage": 0.96286811779}, "model": "item/uthuma/demon_heart"},
 {"predicate": {"damage": 0.96350832266}, "model": "item/uthuma/obsidian_skull"},
 {"predicate": {"damage": 0.96414852752}, "model": "item/uthuma/ashes"},
 {"predicate": {"damage": 0.96478873239}, "model": "item/uthuma/charred_flesh"},
 {"predicate": {"damage": 0.96542893726}, "model": "item/duratus/music_box"},
 {"predicate": {"damage": 0.96606914212}, "model": "item/duratus/wampa_pelt"},
 {"predicate": {"damage": 0.96670934699}, "model": "item/duratus/baby_golem_toy"},
 {"predicate": {"damage": 0.96734955185}, "model": "item/duratus/frost_golem_soul"},
 {"predicate": {"damage": 0.96798975672}, "model": "item/duratus/breath_of_death"},
 {"predicate": {"damage": 0.96862996158}, "model": "item/duratus/morphage"},
 {"predicate": {"damage": 0.96927016645}, "model": "item/duratus/frozen_draugr_skull"},
 {"predicate": {"damage": 0.96991037131}, "model": "item/duratus/frozen_draugr_hand"},
 {"predicate": {"damage": 0.97055057618}, "model": "item/duratus/frost_essence"},
 {"predicate": {"damage": 0.97119078105}, "model": "item/duratus/frozen_flesh"},
 {"predicate": {"damage": 0.97183098591}, "model": "item/duratus/frozen_heart"},
 {"predicate": {"damage": 0.97247119078}, "model": "item/duratus/albino_bull_pelt"},
 {"predicate": {"damage": 0.97311139564}, "model": "item/duratus/ice_plasma"},
 {"predicate": {"damage": 0.97375160051}, "model": "item/duratus/tern_meat"},
 {"predicate": {"damage": 0.97439180537}, "model": "item/duratus/arctic_feather"},
 {"predicate": {"damage": 0.97503201024}, "model": "item/duratus/snow_wolf_pelt"},
 {"predicate": {"damage": 0.9756722151}, "model": "item/duratus/bane_pelt"},
 {"predicate": {"damage": 0.97631241997}, "model": "item/duratus/coagulated_blood"},
 {"predicate": {"damage": 0.97695262484}, "model": "item/duratus/frozen_toe"},
 {"predicate": {"damage": 0.9775928297}, "model": "item/duratus/dead_man_talisman"},
 {"predicate": {"damage": 0.97823303457}, "model": "item/duratus/frost_fang"},
 {"predicate": {"damage": 0.97887323943}, "model": "item/duratus/gold_coin_bag"},
 {"predicate": {"damage": 0.9795134443}, "model": "item/duratus/strange_key"},
 {"predicate": {"damage": 0.98015364916}, "model": "item/duratus/troll_tooth"},
 {"predicate": {"damage": 0.98079385403}, "model": "item/duratus/frozen_goo"},
 {"predicate": {"damage": 0.98143405889}, "model": "item/aquis/manatee_meat"},
 {"predicate": {"damage": 0.98207426376}, "model": "item/aquis/sticky_tongue"},
 {"predicate": {"damage": 0.98271446863}, "model": "item/aquis/frog_leg"},
 {"predicate": {"damage": 0.98335467349}, "model": "item/aquis/draugr_hand"},
 {"predicate": {"damage": 0.98399487836}, "model": "item/aquis/viking_helmet"},
 {"predicate": {"damage": 0.98463508322}, "model": "item/aquis/scales"},
 {"predicate": {"damage": 0.98527528809}, "model": "item/aquis/spore_sac"},
 {"predicate": {"damage": 0.98591549295}, "model": "item/aquis/ectoplasm"},
 {"predicate": {"damage": 0.98655569782}, "model": "item/aquis/tenticul_liquid"},
 {"predicate": {"damage": 0.98719590268}, "model": "item/aquis/tentacle"},
 {"predicate": {"damage": 0.98783610755}, "model": "item/aquis/bloop_heart"},
 {"predicate": {"damage": 0.98847631242}, "model": "item/aquis/bloop_skull"},
 {"predicate": {"damage": 0.98911651728}, "model": "item/aquis/fat"},
 {"predicate": {"damage": 0.98975672215}, "model": "item/aquis/manure"},
 {"predicate": {"damage": 0.99039692701}, "model": "item/aquis/cow_pelt"},
 {"predicate": {"damage": 0.99103713188}, "model": "item/aquis/decayed_tissue"},
 {"predicate": {"damage": 0.99167733674}, "model": "item/aquis/shackle"},
 {"predicate": {"damage": 0.99231754161}, "model": "item/aquis/eyeball"},
 {"predicate": {"damage": 0.99295774647}, "model": "item/aquis/phlegm"},
 {"predicate": {"damage": 0.99359795134}, "model": "item/aquis/tattered_cloth"},
 {"predicate": {"damage": 0.99423815621}, "model": "item/aquis/decayed_talisman"},
 {"predicate": {"damage": 0.99487836107}, "model": "item/aquis/hag_wart"},
 {"predicate": {"damage": 0.99551856594}, "model": "item/aquis/venom"},
 {"predicate": {"damage": 0.9961587708}, "model": "item/aquis/silk"},
 {"predicate": {"damage": 0.99679897567}, "model": "item/aquis/poison_fang"},
 {"predicate": {"damage": 0.99743918053}, "model": "item/aquis/rubber_ducky"},
 {"predicate": {"damage": 0.9980793854}, "model": "item/aquis/duck_feather"},
 {"predicate": {"damage": 0.99871959026}, "model": "mob_addon/plao5v/morph_hand"},
 {"predicate": {"damage": 0.999359795}, "model": "mob_addon/uthuma/demon_wings"}
]
}